{
    "regression": {
        "mae": 7.628851413726807,
        "rmse": 29.370635272472295,
        "mape": 3.6784459792845587,
        "stabilized_mape": 3.6179733768393874
    },
    "classification": {
        "Strict": {
            "Accuracy": 0.9993990384615384,
            "Precision": 0.9579288025889967,
            "Recall": 0.9801324503311258,
            "F1-Score": 0.9689034369885434,
            "ROC-AUC": 0.9994965542357332,
            "TN": 31301,
            "FP": 13,
            "FN": 6,
            "TP": 296
        },
        "Balanced": {
            "Accuracy": 0.9989562246963563,
            "Precision": 0.9164086687306502,
            "Recall": 0.9801324503311258,
            "F1-Score": 0.9472,
            "ROC-AUC": 0.9994965542357331,
            "TN": 31287,
            "FP": 27,
            "FN": 6,
            "TP": 296
        },
        "Clinical Safe": {
            "Accuracy": 0.9984501518218624,
            "Precision": 0.8624641833810889,
            "Recall": 0.9966887417218543,
            "F1-Score": 0.9247311827956989,
            "ROC-AUC": 0.9997261238123396,
            "TN": 31266,
            "FP": 48,
            "FN": 1,
            "TP": 301
        }
    }
}