{
    "regression": {
        "mae": 12.441264152526855,
        "rmse": 45.20914937819556,
        "mape": 3.5371830114056033,
        "stabilized_mape": 3.498499511439692
    },
    "classification": {
        "Strict": {
            "Accuracy": 0.9987348178137652,
            "Precision": 0.9142857142857143,
            "Recall": 0.9411764705882353,
            "F1-Score": 0.927536231884058,
            "ROC-AUC": 0.998949043629703,
            "TN": 3915,
            "FP": 3,
            "FN": 2,
            "TP": 32
        },
        "Balanced": {
            "Accuracy": 0.9984817813765182,
            "Precision": 0.868421052631579,
            "Recall": 0.9705882352941176,
            "F1-Score": 0.9166666666666666,
            "ROC-AUC": 0.998949043629703,
            "TN": 3913,
            "FP": 5,
            "FN": 1,
            "TP": 33
        },
        "Clinical Safe": {
            "Accuracy": 0.9982287449392713,
            "Precision": 0.8292682926829268,
            "Recall": 1.0,
            "F1-Score": 0.9066666666666666,
            "ROC-AUC": 0.9994895354772843,
            "TN": 3911,
            "FP": 7,
            "FN": 0,
            "TP": 34
        }
    }
}