{
    "regression": {
        "mae": 15.301412582397461,
        "rmse": 51.940195759612564,
        "mape": 4.548404648768135,
        "stabilized_mape": 4.501117624517371
    },
    "classification": {
        "Strict": {
            "Accuracy": 0.9992408906882592,
            "Precision": 0.9696969696969697,
            "Recall": 0.9411764705882353,
            "F1-Score": 0.9552238805970149,
            "ROC-AUC": 0.9998348497132391,
            "TN": 3917,
            "FP": 1,
            "FN": 2,
            "TP": 32
        },
        "Balanced": {
            "Accuracy": 0.9992408906882592,
            "Precision": 0.918918918918919,
            "Recall": 1.0,
            "F1-Score": 0.9577464788732394,
            "ROC-AUC": 0.9998348497132391,
            "TN": 3915,
            "FP": 3,
            "FN": 0,
            "TP": 34
        },
        "Clinical Safe": {
            "Accuracy": 0.9984817813765182,
            "Precision": 0.85,
            "Recall": 1.0,
            "F1-Score": 0.918918918918919,
            "ROC-AUC": 0.9997147404137765,
            "TN": 3912,
            "FP": 6,
            "FN": 0,
            "TP": 34
        }
    }
}