{
    "regression": {
        "mae": 14.310872077941895,
        "rmse": 64.09766565318506,
        "mape": 4.373761784583966,
        "stabilized_mape": 4.319015010489963
    },
    "classification": {
        "Strict": {
            "Accuracy": 0.9984817813765182,
            "Precision": 0.9565217391304348,
            "Recall": 0.9166666666666666,
            "F1-Score": 0.9361702127659575,
            "ROC-AUC": 0.9990714651639344,
            "TN": 3902,
            "FP": 2,
            "FN": 4,
            "TP": 44
        },
        "Balanced": {
            "Accuracy": 0.9982287449392713,
            "Precision": 0.9361702127659575,
            "Recall": 0.9166666666666666,
            "F1-Score": 0.9263157894736842,
            "ROC-AUC": 0.9990714651639344,
            "TN": 3901,
            "FP": 3,
            "FN": 4,
            "TP": 44
        },
        "Clinical Safe": {
            "Accuracy": 0.9979757085020243,
            "Precision": 0.8571428571428571,
            "Recall": 1.0,
            "F1-Score": 0.9230769230769231,
            "ROC-AUC": 0.9999839907786886,
            "TN": 3896,
            "FP": 8,
            "FN": 0,
            "TP": 48
        }
    }
}